Phi1,Phi2
0.6833536782653044,1.4164413971737702
0.1607699815194027,4.626323647206368
4.566361869948396,4.180067849123824
4.181783806427142,3.2234202611282488
4.89283373785451,2.1093419681324836
4.972798279201539,1.6037116586728415
4.282493899937138,5.756496370995572
5.461545684339565,4.075238355044946
2.018255850654069,5.671385425324356
1.1302556608706156,1.2271904653097958
