Phi1,Phi2
0.0007186381718527407,1.8996115782421807
